video_id,brand_id,post_order,hook_type,pacing_cuts_per_10s,has_onscreen_text,onscreen_text_early,video_len_sec,audio_energy,visual_style_cluster,performance_score
v0,brand_A,0,product_first,7.66,0,1,39.1,0.16,2,53.18
v1,brand_A,1,story,5.21,1,0,9.1,0.97,3,52.91
v2,brand_A,2,bold_claim,2.27,0,0,23.8,0.52,3,50.92
v3,brand_A,3,bold_claim,1.33,1,1,20.1,0.09,2,56.96
v4,brand_A,4,product_first,4.6,1,0,10.4,0.61,4,56.31
v5,brand_A,5,question,7.76,1,1,23.8,0.1,3,83.02
v6,brand_A,6,product_first,4.08,0,1,33.7,0.03,0,66.69
v7,brand_A,7,bold_claim,3.98,1,1,37.5,0.03,1,55.44
v8,brand_A,8,bold_claim,4.15,1,1,56.2,0.73,3,61.6
v9,brand_A,9,story,2.9,0,1,26.6,0.28,3,57.64
v10,brand_A,10,story,1.99,0,0,11.9,0.99,0,58.53
v11,brand_A,11,pattern_interrupt,6.53,0,0,56.2,0.65,3,49.25
v12,brand_A,12,question,5.36,1,0,11.3,0.31,4,86.26
v13,brand_A,13,pattern_interrupt,4.93,0,0,58.5,0.85,4,57.78
v14,brand_A,14,bold_claim,2.65,1,0,10.1,0.71,1,58.69
v15,brand_A,15,product_first,4.94,1,1,15.2,0.6,2,65.56
v16,brand_A,16,story,2.6,1,0,23.1,0.16,1,41.76
v17,brand_A,17,story,7.1,1,1,17.7,0.89,2,73.08
v18,brand_A,18,bold_claim,1.85,0,0,55.2,0.27,2,50.08
v19,brand_A,19,question,3.13,1,1,35.8,0.48,0,89.81
v20,brand_A,20,pattern_interrupt,2.89,1,0,16.8,0.22,0,49.22
v21,brand_A,21,bold_claim,7.74,1,0,33.9,0.3,0,48.76
v22,brand_A,22,question,2.87,1,1,29.4,0.03,0,99.47
v23,brand_A,23,story,4.43,1,1,20.6,0.67,2,78.05
v24,brand_A,24,pattern_interrupt,2.7,1,1,32.5,0.98,2,74.36
v25,brand_A,25,question,3.25,1,1,10.1,0.59,2,97.57
v26,brand_A,26,product_first,1.12,0,0,19.8,0.65,3,48.25
v27,brand_A,27,bold_claim,6.86,0,1,46.2,0.21,1,52.88
v28,brand_A,28,pattern_interrupt,2.6,1,1,59.1,0.52,0,55.74
v29,brand_A,29,product_first,4.91,1,0,17.8,0.28,2,53.77
v30,brand_A,30,pattern_interrupt,6.99,1,1,54.2,0.85,0,60.16
v31,brand_A,31,story,2.99,1,1,33.3,0.45,4,60.85
v32,brand_A,32,question,2.23,1,0,33.7,0.18,2,84.47
v33,brand_A,33,product_first,4.56,1,0,21.0,0.59,4,73.77
v34,brand_A,34,pattern_interrupt,7.24,0,0,49.3,0.5,3,46.33
v35,brand_A,35,product_first,6.06,0,1,9.3,0.65,0,64.2
v36,brand_A,36,product_first,7.58,0,1,55.6,0.37,0,46.77
v37,brand_A,37,story,5.01,1,0,11.9,0.31,0,58.17
v38,brand_A,38,pattern_interrupt,2.19,0,1,56.7,0.7,1,54.41
v39,brand_A,39,bold_claim,3.26,1,0,15.1,0.71,4,50.04
v40,brand_B,0,bold_claim,6.67,0,1,53.1,0.91,1,74.53
v41,brand_B,1,pattern_interrupt,3.37,1,1,12.9,0.58,2,67.34
v42,brand_B,2,question,2.09,1,0,51.6,0.86,0,42.91
v43,brand_B,3,question,6.8,1,1,58.2,0.46,4,52.39
v44,brand_B,4,product_first,3.88,0,0,15.2,0.13,1,34.62
v45,brand_B,5,question,3.79,0,1,46.7,0.25,1,55.08
v46,brand_B,6,story,1.57,0,0,43.8,0.06,1,41.8
v47,brand_B,7,question,5.62,0,0,57.7,0.74,4,39.43
v48,brand_B,8,story,3.94,1,1,26.5,0.76,0,65.5
v49,brand_B,9,question,3.18,1,1,17.1,0.02,1,61.39
v50,brand_B,10,story,4.31,0,1,30.6,0.4,1,62.57
v51,brand_B,11,story,5.79,1,1,57.1,0.94,3,67.03
v52,brand_B,12,pattern_interrupt,6.61,1,1,37.8,0.13,4,66.31
v53,brand_B,13,pattern_interrupt,6.74,1,1,18.7,0.27,3,62.27
v54,brand_B,14,bold_claim,1.27,1,0,25.5,0.66,4,75.08
v55,brand_B,15,product_first,5.85,1,0,56.7,0.04,0,50.41
v56,brand_B,16,story,7.77,1,1,30.0,0.57,2,61.83
v57,brand_B,17,bold_claim,2.75,1,1,53.1,0.56,3,84.93
v58,brand_B,18,question,5.76,0,0,20.4,0.38,0,59.95
v59,brand_B,19,story,7.27,0,1,8.6,0.91,3,60.87
v60,brand_B,20,question,3.24,1,0,57.4,0.57,4,51.67
v61,brand_B,21,product_first,5.71,1,0,49.2,0.79,4,43.46
v62,brand_B,22,story,4.46,0,1,36.6,0.44,4,56.01
v63,brand_B,23,product_first,5.82,1,1,53.1,0.84,4,57.5
v64,brand_B,24,bold_claim,3.78,0,1,15.6,0.51,2,97.15
v65,brand_B,25,product_first,2.66,0,0,38.8,0.35,3,52.02
v66,brand_B,26,pattern_interrupt,6.44,1,0,30.1,0.91,2,52.78
v67,brand_B,27,bold_claim,6.19,1,0,50.8,0.74,2,61.64
v68,brand_B,28,story,2.66,0,0,32.8,0.08,0,49.78
v69,brand_B,29,story,2.77,0,1,11.9,0.17,0,58.97
v70,brand_B,30,question,5.39,1,0,54.9,0.05,3,37.57
v71,brand_B,31,story,2.94,1,1,32.1,0.35,1,63.83
v72,brand_B,32,product_first,1.54,0,1,59.3,0.7,0,47.51
v73,brand_B,33,story,5.79,0,0,55.4,0.82,1,32.19
v74,brand_B,34,pattern_interrupt,6.08,0,0,29.7,0.93,1,43.45
v75,brand_B,35,question,6.44,1,1,59.2,0.38,1,56.64
v76,brand_B,36,question,7.79,0,0,51.6,0.47,2,39.92
v77,brand_B,37,story,8.0,1,0,36.9,0.77,4,49.28
v78,brand_B,38,bold_claim,6.95,0,0,31.4,0.13,2,63.16
v79,brand_B,39,question,5.7,1,1,26.6,0.11,1,57.14
v80,brand_C,0,bold_claim,4.64,1,0,35.0,0.85,3,68.75
v81,brand_C,1,question,5.13,0,0,29.9,0.78,1,55.35
v82,brand_C,2,pattern_interrupt,2.49,1,1,8.8,0.35,1,96.37
v83,brand_C,3,pattern_interrupt,7.33,1,0,34.7,0.78,3,96.03
v84,brand_C,4,bold_claim,7.04,0,0,15.6,0.93,1,52.36
v85,brand_C,5,bold_claim,3.3,0,0,20.5,0.08,0,45.36
v86,brand_C,6,pattern_interrupt,1.97,1,1,17.5,0.35,2,89.06
v87,brand_C,7,bold_claim,5.21,0,0,50.7,0.35,1,50.92
v88,brand_C,8,story,1.22,1,0,35.8,0.36,1,49.3
v89,brand_C,9,pattern_interrupt,1.28,0,0,40.7,0.08,2,63.66
v90,brand_C,10,story,1.02,1,0,12.4,0.6,3,49.44
v91,brand_C,11,bold_claim,6.32,1,1,45.5,0.06,2,43.03
v92,brand_C,12,pattern_interrupt,5.99,0,0,34.6,0.53,4,72.4
v93,brand_C,13,pattern_interrupt,2.7,0,0,27.6,0.02,0,79.77
v94,brand_C,14,question,2.48,1,1,14.2,0.89,3,51.67
v95,brand_C,15,question,4.49,0,1,35.9,0.59,0,60.59
v96,brand_C,16,product_first,1.89,0,0,26.9,0.65,1,50.86
v97,brand_C,17,story,7.54,0,1,19.7,0.37,3,42.75
v98,brand_C,18,pattern_interrupt,1.62,1,0,10.9,0.84,2,61.95
v99,brand_C,19,product_first,7.98,1,1,38.0,0.92,0,69.85
v100,brand_C,20,pattern_interrupt,6.75,1,0,35.8,0.48,4,73.02
v101,brand_C,21,product_first,3.98,0,1,20.6,0.11,1,65.44
v102,brand_C,22,story,4.54,0,1,24.7,0.59,1,80.2
v103,brand_C,23,bold_claim,7.93,0,1,50.1,0.25,4,30.62
v104,brand_C,24,question,6.32,0,0,32.5,0.41,0,52.26
v105,brand_C,25,bold_claim,1.87,1,0,56.8,0.18,2,49.34
v106,brand_C,26,question,6.19,1,1,51.8,0.14,0,59.85
v107,brand_C,27,pattern_interrupt,2.15,0,0,42.6,0.52,3,80.59
v108,brand_C,28,question,7.14,0,1,50.5,0.44,2,54.9
v109,brand_C,29,question,2.63,0,0,28.0,0.54,2,69.27
v110,brand_C,30,pattern_interrupt,4.02,0,0,46.0,0.69,3,76.58
v111,brand_C,31,product_first,6.19,0,1,59.9,0.75,4,63.62
v112,brand_C,32,story,6.45,0,1,18.6,0.71,4,58.03
v113,brand_C,33,story,1.77,1,0,14.6,0.4,4,60.36
v114,brand_C,34,story,4.4,1,1,48.1,0.01,2,59.6
v115,brand_C,35,pattern_interrupt,5.19,1,0,57.9,0.34,1,87.37
v116,brand_C,36,pattern_interrupt,2.07,0,1,34.3,0.61,3,79.03
v117,brand_C,37,product_first,6.53,0,1,41.9,0.77,1,62.75
v118,brand_C,38,question,3.97,0,1,56.6,0.93,0,79.65
v119,brand_C,39,story,3.66,0,0,18.7,0.79,1,59.8
v120,brand_D,0,question,1.8,1,0,52.9,0.92,1,56.71
v121,brand_D,1,pattern_interrupt,1.23,0,0,20.9,0.58,3,48.77
v122,brand_D,2,story,7.4,0,0,38.2,0.63,3,48.88
v123,brand_D,3,question,7.73,0,1,29.6,0.09,4,41.35
v124,brand_D,4,question,3.1,1,0,28.7,0.43,2,53.02
v125,brand_D,5,question,1.26,1,1,37.4,0.07,2,43.04
v126,brand_D,6,bold_claim,4.67,1,0,28.8,0.56,3,60.45
v127,brand_D,7,pattern_interrupt,3.61,1,0,41.5,0.41,3,55.46
v128,brand_D,8,bold_claim,7.07,1,0,36.7,0.25,2,71.46
v129,brand_D,9,question,6.6,0,0,41.9,0.24,1,47.9
v130,brand_D,10,pattern_interrupt,2.7,1,1,52.5,0.83,3,47.5
v131,brand_D,11,bold_claim,1.09,0,0,18.8,0.03,4,37.19
v132,brand_D,12,pattern_interrupt,5.08,1,1,54.4,0.82,3,69.42
v133,brand_D,13,pattern_interrupt,5.13,1,1,40.5,0.41,0,61.95
v134,brand_D,14,bold_claim,7.03,0,1,58.7,0.78,0,51.88
v135,brand_D,15,question,4.39,0,1,46.6,0.7,0,65.63
v136,brand_D,16,question,1.98,0,1,59.2,0.53,4,60.98
v137,brand_D,17,bold_claim,4.71,1,1,33.9,0.07,4,73.33
v138,brand_D,18,question,4.48,1,0,13.5,0.14,2,68.12
v139,brand_D,19,question,4.46,1,0,51.6,0.4,1,61.88
v140,brand_D,20,bold_claim,2.16,0,0,12.3,0.6,1,57.75
v141,brand_D,21,pattern_interrupt,3.08,0,1,32.8,0.66,4,62.47
v142,brand_D,22,question,2.89,0,1,16.4,0.84,0,84.99
v143,brand_D,23,bold_claim,5.36,1,0,25.9,0.35,0,54.32
v144,brand_D,24,question,5.93,1,1,31.9,0.08,1,66.8
v145,brand_D,25,bold_claim,1.72,0,1,50.0,0.96,0,62.92
v146,brand_D,26,bold_claim,5.83,0,0,12.5,0.96,2,60.53
v147,brand_D,27,story,5.85,1,1,21.0,0.49,2,70.17
v148,brand_D,28,bold_claim,1.36,1,0,10.3,0.59,0,56.6
v149,brand_D,29,bold_claim,3.19,0,0,46.0,0.19,1,31.71
v150,brand_D,30,pattern_interrupt,7.61,1,0,52.8,0.84,1,64.07
v151,brand_D,31,pattern_interrupt,4.92,0,1,54.0,0.53,1,57.11
v152,brand_D,32,product_first,5.01,1,0,36.0,0.66,4,90.22
v153,brand_D,33,bold_claim,7.14,1,0,32.0,0.99,2,58.91
v154,brand_D,34,story,4.7,1,1,49.5,1.0,3,63.38
v155,brand_D,35,product_first,7.89,1,1,29.7,0.42,4,81.15
v156,brand_D,36,question,2.67,0,0,26.4,0.29,3,54.98
v157,brand_D,37,question,7.37,0,0,13.7,0.39,3,59.3
v158,brand_D,38,product_first,7.69,0,0,21.5,0.59,2,71.54
v159,brand_D,39,product_first,6.86,1,0,51.2,0.12,2,67.67
v160,brand_E,0,bold_claim,3.69,0,0,57.8,0.83,4,59.35
v161,brand_E,1,question,2.08,1,0,19.7,0.22,0,48.38
v162,brand_E,2,question,7.26,0,1,31.8,0.39,2,60.95
v163,brand_E,3,story,6.15,1,1,21.1,0.01,2,94.42
v164,brand_E,4,story,1.34,1,1,58.0,0.11,3,49.71
v165,brand_E,5,story,7.35,0,1,42.4,0.54,4,75.7
v166,brand_E,6,story,6.14,1,0,53.1,0.25,2,72.93
v167,brand_E,7,pattern_interrupt,2.67,0,1,13.5,0.7,3,68.65
v168,brand_E,8,story,7.17,1,0,9.5,0.83,1,75.94
v169,brand_E,9,bold_claim,6.73,1,0,34.4,0.01,4,54.71
v170,brand_E,10,pattern_interrupt,7.87,0,1,21.5,0.63,4,54.87
v171,brand_E,11,bold_claim,4.03,1,0,28.4,0.18,4,58.14
v172,brand_E,12,story,6.52,1,1,48.1,0.95,0,90.55
v173,brand_E,13,question,1.41,1,0,52.3,0.99,4,57.55
v174,brand_E,14,product_first,6.25,0,1,47.4,0.02,2,44.11
v175,brand_E,15,pattern_interrupt,2.77,0,1,16.3,0.47,3,70.3
v176,brand_E,16,question,1.72,0,0,35.4,0.83,2,61.01
v177,brand_E,17,pattern_interrupt,7.08,1,1,9.6,0.73,4,75.18
v178,brand_E,18,pattern_interrupt,7.75,0,0,31.0,0.31,1,43.06
v179,brand_E,19,story,2.4,0,0,45.2,0.56,3,71.12
v180,brand_E,20,pattern_interrupt,7.78,1,0,53.2,0.78,2,49.34
v181,brand_E,21,pattern_interrupt,6.58,1,0,55.4,0.97,3,54.45
v182,brand_E,22,question,1.01,0,0,39.6,0.25,0,45.68
v183,brand_E,23,story,2.88,1,1,24.1,0.46,4,79.96
v184,brand_E,24,bold_claim,5.76,1,1,58.7,0.72,2,65.54
v185,brand_E,25,question,1.28,1,0,13.5,0.24,0,54.89
v186,brand_E,26,product_first,5.92,1,1,8.5,0.33,1,71.96
v187,brand_E,27,question,6.77,1,1,24.7,0.98,1,68.01
v188,brand_E,28,bold_claim,6.6,1,1,16.7,0.1,2,74.24
v189,brand_E,29,question,5.96,1,1,45.1,0.8,2,70.55
v190,brand_E,30,pattern_interrupt,7.26,1,1,50.5,0.45,2,67.58
v191,brand_E,31,product_first,2.73,0,0,53.3,0.22,3,37.53
v192,brand_E,32,story,2.27,0,0,42.3,0.5,1,79.58
v193,brand_E,33,pattern_interrupt,5.55,1,0,43.4,0.07,0,36.49
v194,brand_E,34,product_first,2.22,0,0,29.6,0.85,4,43.4
v195,brand_E,35,product_first,4.53,1,0,34.7,0.59,1,46.92
v196,brand_E,36,story,3.77,1,1,39.1,0.79,1,85.66
v197,brand_E,37,bold_claim,5.42,0,0,14.8,0.72,1,40.49
v198,brand_E,38,product_first,3.61,1,0,29.5,0.07,0,59.12
v199,brand_E,39,question,5.64,0,1,41.9,0.31,3,56.26
